산 명,노선,거리,소요 시간
도덕산,연경지구 ~ 응해산 ~ 도덕지,5.6,3.5
도덕산,연경지구 ~ 응해산 ~ 도덕지,5.6,3.5
도덕산,연경지구 ~ 응해산 ~ 도덕지,5.6,3.5
도덕산,연경지구 ~ 응해산 ~ 도덕지,5.6,3.5
도덕산,연경지구 ~ 응해산 ~ 도덕지,5.6,3.5
함지산,운암지 수변공원 ~ 함지산,1.3,0.5
함지산,운암지 수변공원 ~ 함지산,1.3,0.5
함지산,운암지 수변공원 ~ 함지산,1.3,0.5
함지산,운암지 수변공원 ~ 함지산,1.3,0.5
함지산,운암지 수변공원 ~ 함지산,1.3,0.5
함지산,운암지 수변공원 ~ 함지산,1.3,0.5
함지산,운암지 수변공원 ~ 함지산,1.3,0.5
함지산,운암지 수변공원 ~ 함지산,1.3,0.5
함지산,운암지 수변공원 ~ 함지산,1.3,0.5
함지산,운암지 수변공원 ~ 함지산,1.3,0.5
함지산,운암지 수변공원 ~ 함지산,1.3,0.5
함지산,운암지 수변공원 ~ 함지산,1.3,0.5
함지산,운암지 수변공원 ~ 함지산,1.3,0.5
함지산,운암지 수변공원 ~ 함지산,1.3,0.5
